{"af_init":{"1":0.002,"2":0.0014,"3":0.0008,"4":0.0002,"5":0.00014,"6":0.00008,"7":0.00002},"af_step":{"1":0.002,"2":0.0014,"3":0.0008,"4":0.0002,"5":0.00014,"6":0.00008,"7":0.00002},"af_max":{"1":0.02,"2":0.014,"3":0.008,"4":0.002,"5":0.0014,"6":0.0008,"7":0.0002}}