{"af_init":{"1":0.002,"2":0.0011,"3":0.0002,"4":0.00011,"5":0.00002},"af_step":{"1":0.002,"2":0.0011,"3":0.0002,"4":0.00011,"5":0.00002},"af_max":{"1":0.02,"2":0.011,"3":0.002,"4":0.0011,"5":0.0002}}