{"af_init":{"1":0.002,"2":0.0007,"3":0.0002,"4":0.00007,"5":0.00002},"af_step":{"1":0.002,"2":0.0007,"3":0.0002,"4":0.00007,"5":0.00002},"af_max":{"1":0.02,"2":0.007,"3":0.002,"4":0.0007,"5":0.0002}}