{"af_init":{"1":0.002,"2":0.0002,"3":0.00002},"af_step":{"1":0.002,"2":0.0002,"3":0.00002},"af_max":{"1":0.02,"2":0.002,"3":0.0002}}