{"af_init":{"1":0.02,"2":0.014,"3":0.008,"4":0.002,"5":0.0014,"6":0.0008,"7":0.0002,"8":0.00014,"9":0.00008,"10":0.00002},"af_step":{"1":0.02,"2":0.014,"3":0.008,"4":0.002,"5":0.0014,"6":0.0008,"7":0.0002,"8":0.00014,"9":0.00008,"10":0.00002},"af_max":{"1":0.2,"2":0.14,"3":0.08,"4":0.02,"5":0.014,"6":0.008,"7":0.002,"8":0.0014,"9":0.0008,"10":0.0002}}