{"af_init":{"1":0.0,"2":0.0,"3":0.0,"4":0.0,"5":0.0,"6":0.0,"7":0.0,"8":0.0,"9":0.0,"10":0.0,"11":0.0,"12":0.0,"13":0.0,"14":0.0,"15":0.0,"16":0.0,"17":0.0,"18":0.0,"19":0.0,"20":0.0,"21":0.0,"22":0.0,"23":0.0,"24":0.0,"25":0.0,"26":0.0,"27":0.0,"28":0.0,"29":0.0,"30":0.0,"31":0.0,"32":0.0,"33":0.0,"34":0.0,"35":0.0,"36":0.0,"37":0.0,"38":0.0,"39":0.0,"40":0.0},"af_step":{"1":0.00005,"2":0.0001,"3":0.00015,"4":0.0002,"5":0.00025,"6":0.0003,"7":0.00035,"8":0.0004,"9":0.00045,"10":0.0005,"11":0.00055,"12":0.0006,"13":0.00065,"14":0.0007,"15":0.00075,"16":0.0008,"17":0.00085,"18":0.0009,"19":0.00095,"20":0.001,"21":0.00105,"22":0.0011,"23":0.00115,"24":0.0012,"25":0.00125,"26":0.0013,"27":0.00135,"28":0.0014,"29":0.00145,"30":0.0015,"31":0.00155,"32":0.0016,"33":0.00165,"34":0.0017,"35":0.00175,"36":0.0018,"37":0.00185,"38":0.0019,"39":0.00195,"40":0.002},"af_max":{"1":0.0005,"2":0.001,"3":0.0015,"4":0.002,"5":0.0025,"6":0.003,"7":0.0035,"8":0.004,"9":0.0045,"10":0.005,"11":0.0055,"12":0.006,"13":0.0065,"14":0.007,"15":0.0075,"16":0.008,"17":0.0085,"18":0.009,"19":0.0095,"20":0.01,"21":0.0105,"22":0.011,"23":0.0115,"24":0.012,"25":0.0125,"26":0.013,"27":0.0135,"28":0.014,"29":0.0145,"30":0.015,"31":0.0155,"32":0.016,"33":0.0165,"34":0.017,"35":0.0175,"36":0.018,"37":0.0185,"38":0.019,"39":0.0195,"40":0.02}}