{"af_init":{"1":0.0005,"2":0.00045,"3":0.0004,"4":0.00035,"5":0.0003,"6":0.00025,"7":0.0002,"8":0.00015,"9":0.0001,"10":0.00009,"11":0.00008,"12":0.00007,"13":0.00006,"14":0.00005,"15":0.00004,"16":0.00003,"17":0.00002,"18":0.00001},"af_step":{"1":0.0005,"2":0.00045,"3":0.0004,"4":0.00035,"5":0.0003,"6":0.00025,"7":0.0002,"8":0.00015,"9":0.0001,"10":0.00009,"11":0.00008,"12":0.00007,"13":0.00006,"14":0.00005,"15":0.00004,"16":0.00003,"17":0.00002,"18":0.00001},"af_max":{"1":0.005,"2":0.0045,"3":0.004,"4":0.0035,"5":0.003,"6":0.0025,"7":0.002,"8":0.0015,"9":0.001,"10":0.0009,"11":0.0008,"12":0.0007,"13":0.0006,"14":0.0005,"15":0.0004,"16":0.0003,"17":0.0002,"18":0.0001}}