{"af_init":{"1":0.0,"2":0.0,"3":0.0,"4":0.0,"5":0.0,"6":0.0,"7":0.0,"8":0.0,"9":0.0,"10":0.0},"af_step":{"1":0.00005,"2":0.0001,"3":0.00015,"4":0.0002,"5":0.00025,"6":0.0003,"7":0.00035,"8":0.0004,"9":0.00045,"10":0.0005},"af_max":{"1":0.005,"2":0.01,"3":0.015,"4":0.02,"5":0.025,"6":0.03,"7":0.035,"8":0.04,"9":0.045,"10":0.05}}