{"af_init":{"1":0.005,"2":0.0025,"3":0.001,"4":0.0005,"5":0.00025,"6":0.0001},"af_step":{"1":0.005,"2":0.0025,"3":0.001,"4":0.0005,"5":0.00025,"6":0.0001},"af_max":{"1":0.05,"2":0.025,"3":0.01,"4":0.005,"5":0.0025,"6":0.001}}