{"af_init":{"1":0.02,"2":0.02,"3":0.02,"4":0.02,"5":0.02,"6":0.02,"7":0.002,"8":0.002,"9":0.002,"10":0.002,"11":0.002,"12":0.002,"13":0.0002,"14":0.0002,"15":0.0002,"16":0.0002,"17":0.0002,"18":0.0002,"19":0.00002,"20":0.00002,"21":0.00002,"22":0.00002,"23":0.00002,"24":0.00002},"af_step":{"1":0.02,"2":0.02,"3":0.02,"4":0.02,"5":0.02,"6":0.02,"7":0.002,"8":0.002,"9":0.002,"10":0.002,"11":0.002,"12":0.002,"13":0.0002,"14":0.0002,"15":0.0002,"16":0.0002,"17":0.0002,"18":0.0002,"19":0.00002,"20":0.00002,"21":0.00002,"22":0.00002,"23":0.00002,"24":0.00002},"af_max":{"1":0.2,"2":0.2,"3":0.2,"4":0.2,"5":0.2,"6":0.2,"7":0.02,"8":0.02,"9":0.02,"10":0.02,"11":0.02,"12":0.02,"13":0.002,"14":0.002,"15":0.002,"16":0.002,"17":0.002,"18":0.002,"19":0.0002,"20":0.0002,"21":0.0002,"22":0.0002,"23":0.0002,"24":0.0002},"factor_losscut":{"1":0.0,"2":10.0,"3":20.0,"4":30.0,"5":40.0,"6":50.0,"7":0.0,"8":10.0,"9":20.0,"10":30.0,"11":40.0,"12":50.0,"13":0.0,"14":10.0,"15":20.0,"16":30.0,"17":40.0,"18":50.0,"19":0.0,"20":10.0,"21":20.0,"22":30.0,"23":40.0,"24":50.0}}