{"af_init":{"1":0.0,"2":0.0,"3":0.0,"4":0.0,"5":0.0,"6":0.0,"7":0.0,"8":0.0,"9":0.0,"10":0.0,"11":0.0,"12":0.0,"13":0.0,"14":0.0,"15":0.0,"16":0.0,"17":0.0,"18":0.0,"19":0.0,"20":0.0},"af_step":{"1":0.00001,"2":0.00002,"3":0.00003,"4":0.00005,"5":0.000075,"6":0.0001,"7":0.0002,"8":0.0003,"9":0.0005,"10":0.00075,"11":0.001,"12":0.002,"13":0.003,"14":0.005,"15":0.0075,"16":0.01,"17":0.02,"18":0.03,"19":0.05,"20":0.075},"af_max":{"1":0.001,"2":0.002,"3":0.003,"4":0.005,"5":0.0075,"6":0.01,"7":0.02,"8":0.03,"9":0.05,"10":0.075,"11":0.1,"12":0.2,"13":0.3,"14":0.5,"15":0.75,"16":1.0,"17":2.0,"18":3.0,"19":5.0,"20":7.5}}