{"af_init":{"1":0.00001,"2":0.00002,"3":0.00003,"4":0.00004,"5":0.00005,"6":0.00006,"7":0.00007,"8":0.00008,"9":0.00009,"10":0.0001,"11":0.00011,"12":0.00012,"13":0.00013,"14":0.00014,"15":0.00015,"16":0.00016,"17":0.00017,"18":0.00018,"19":0.00019,"20":0.0002,"21":0.00021,"22":0.00022,"23":0.00023,"24":0.00024,"25":0.00025,"26":0.00026,"27":0.00027,"28":0.00028,"29":0.00029,"30":0.0003},"af_step":{"1":0.00001,"2":0.00002,"3":0.00003,"4":0.00004,"5":0.00005,"6":0.00006,"7":0.00007,"8":0.00008,"9":0.00009,"10":0.0001,"11":0.00011,"12":0.00012,"13":0.00013,"14":0.00014,"15":0.00015,"16":0.00016,"17":0.00017,"18":0.00018,"19":0.00019,"20":0.0002,"21":0.00021,"22":0.00022,"23":0.00023,"24":0.00024,"25":0.00025,"26":0.00026,"27":0.00027,"28":0.00028,"29":0.00029,"30":0.0003},"af_max":{"1":0.0001,"2":0.0002,"3":0.0003,"4":0.0004,"5":0.0005,"6":0.0006,"7":0.0007,"8":0.0008,"9":0.0009,"10":0.001,"11":0.0011,"12":0.0012,"13":0.0013,"14":0.0014,"15":0.0015,"16":0.0016,"17":0.0017,"18":0.0018,"19":0.0019,"20":0.002,"21":0.0021,"22":0.0022,"23":0.0023,"24":0.0024,"25":0.0025,"26":0.0026,"27":0.0027,"28":0.0028,"29":0.0029,"30":0.003}}