{"af_init":{"1":0.02,"2":0.02,"3":0.02,"4":0.002,"5":0.002,"6":0.002,"7":0.0002,"8":0.0002,"9":0.0002,"10":0.00002,"11":0.00002,"12":0.00002},"af_step":{"1":0.02,"2":0.02,"3":0.02,"4":0.002,"5":0.002,"6":0.002,"7":0.0002,"8":0.0002,"9":0.0002,"10":0.00002,"11":0.00002,"12":0.00002},"af_max":{"1":0.2,"2":0.2,"3":0.2,"4":0.02,"5":0.02,"6":0.02,"7":0.002,"8":0.002,"9":0.002,"10":0.0002,"11":0.0002,"12":0.0002},"factor_losscut":{"1":0.0,"2":10.0,"3":20.0,"4":0.0,"5":10.0,"6":20.0,"7":0.0,"8":10.0,"9":20.0,"10":0.0,"11":10.0,"12":20.0}}