{"af_init":{"1":0.00001,"2":0.00002,"3":0.00003,"4":0.00004,"5":0.00005,"6":0.00006,"7":0.00007,"8":0.00008,"9":0.00009,"10":0.0001},"af_step":{"1":0.00001,"2":0.00002,"3":0.00003,"4":0.00004,"5":0.00005,"6":0.00006,"7":0.00007,"8":0.00008,"9":0.00009,"10":0.0001},"af_max":{"1":0.001,"2":0.002,"3":0.003,"4":0.004,"5":0.005,"6":0.006,"7":0.007,"8":0.008,"9":0.009,"10":0.01}}