{"af_init":{"1":0.0,"2":0.0,"3":0.0,"4":0.0,"5":0.0,"6":0.0,"7":0.0,"8":0.0,"9":0.0,"10":0.0,"11":0.0,"12":0.0,"13":0.0,"14":0.0,"15":0.0,"16":0.0,"17":0.0,"18":0.0,"19":0.0,"20":0.0},"af_step":{"1":0.00001,"2":0.00002,"3":0.00003,"4":0.00005,"5":0.000075,"6":0.0001,"7":0.0002,"8":0.0003,"9":0.0005,"10":0.00075,"11":0.001,"12":0.002,"13":0.003,"14":0.005,"15":0.0075,"16":0.01,"17":0.02,"18":0.03,"19":0.05,"20":0.075},"af_max":{"1":0.0001,"2":0.0002,"3":0.0003,"4":0.0005,"5":0.00075,"6":0.001,"7":0.002,"8":0.003,"9":0.005,"10":0.0075,"11":0.01,"12":0.02,"13":0.03,"14":0.05,"15":0.075,"16":0.1,"17":0.2,"18":0.3,"19":0.5,"20":0.75}}